,missing_count,missing_percent
Cabin,687,77.10437710437711
Age,177,19.865319865319865
Embarked,2,0.22446689113355783
